Player,TEAM,AGE,GP,W,L,MIN,DEF RTG,DREB,DREB%,%DREB,STL,STL%,BLK,%BLK,OPP PTS OFF TOV,OPP PTS 2ND CHANCE,OPP PTS FB,OPP PTS PAINT,DEF WS
,,,,,,,,,,,,,,,,,,,
Rudy Gobert,MIN,32,76,53,23,34.1,106.6,9.2,25.6,36.8,0.7,13.2,2.1,50,12.1,8.7,9.3,30.9,0.164
OG Anunoby,NYK,26,50,31,19,34,107.2,3.2,9.1,13.1,1.4,24.5,0.7,20.6,10.6,9.3,9.6,35.3,0.164
Donovan Mitchell,CLE,27,55,36,19,35.3,108.6,4.3,11.6,17,1.8,30.4,0.5,14.7,11.8,9.7,10.2,34.2,0.154
Anthony Edwards,MIN,22,79,54,25,35.1,108.5,4.8,13.1,19.1,1.3,22.4,0.5,11.5,12,9.1,9.7,33.7,0.152
Franz Wagner,ORL,22,72,44,28,32.5,108.2,4.3,13.7,19.6,1.1,19,0.4,11.3,10.1,7.5,9.8,31.1,0.144
Joel Embiid,PHI,30,39,31,8,33.6,109.5,8.6,23.9,35.5,1.2,20.3,1.7,43.7,10.4,9.1,11,34.7,0.14
Bam Adebayo,MIA,26,71,40,31,34,109.3,8.1,24.2,34.9,1.1,20,0.9,37.3,10.5,9.5,9.4,31.9,0.14
Shai Gilgeous-Alexander,OKC,25,75,55,20,34,109.7,4.7,12.8,19.7,2,32.8,0.9,19,9.6,10.7,8.4,32.5,0.138
Maozinha Pereira,MEM,23,7,2,5,17.4,96.5,3.7,20.6,27.4,0.9,19.4,0.6,33.3,7.6,2.1,6.3,13.1,0.137
Karl-Anthony Towns,MIN,28,62,42,20,32.7,109.1,6.8,20.4,29.4,0.7,14.7,0.7,18.2,11.1,8.5,8.8,32.1,0.136
Jayson Tatum,BOS,26,74,57,17,35.7,110.5,7.2,18.7,27.5,1,20.1,0.6,12.3,9.6,10.4,9.4,35.6,0.135
Jalen Williams,OKC,23,71,51,20,31.3,108.9,3.5,10.2,15.8,1.1,20.5,0.6,13.8,8.9,10.1,8,30.8,0.135
Trey Murphy III,NOP,24,57,35,22,29.7,108.2,4.2,13.9,19.8,0.9,16.3,0.5,17.2,8.9,7.2,7.9,28.8,0.132
Tari Eason,HOU,23,22,12,10,21.8,103.1,4.9,20.3,29.8,1.4,36.9,0.9,33.3,6.4,6.5,3.9,20.4,0.13
Derrick White,BOS,29,73,58,15,32.6,109.9,3.5,10,14.6,1,22.4,1.2,25.5,8.5,9.4,8.6,32.5,0.13
Max Strus,CLE,28,70,43,27,32,109.7,3.9,11.7,17.3,0.9,16.8,0.4,13.4,11.5,8.8,9.5,30.7,0.13
Nikola Joki?,DEN,29,79,55,24,34.6,110.6,9.5,27,38.5,1.4,26,0.9,25.3,10.6,8.4,10.2,36.5,0.13
Marcus Smart,MEM,30,20,7,13,30.2,109.2,2.4,7.3,10.5,2.1,37.6,0.3,6.5,10.9,8.6,9.8,27.5,0.13
Jimmy Butler,MIA,34,60,33,27,34,110.5,3.6,10.6,15.3,1.3,23.7,0.3,11.3,11.1,9.5,9.5,32.8,0.129
Ja Morant,MEM,24,9,6,3,35.3,111.1,4.9,13.4,20.3,0.8,15.2,0.6,11.1,13,10.3,11.7,38,0.128
Naz Reid,MIN,24,81,56,25,24.2,105.5,4.3,17,25.2,0.8,18.2,0.9,26.4,8.1,6.5,6.8,23.1,0.128
Mike Conley,MIN,36,76,53,23,28.9,108,2.4,8.1,11.8,1.2,26.2,0.2,6.3,10.3,7.9,7.9,27.8,0.128
Wenyen Gabriel,MEM,27,5,1,4,16.2,96.4,3.6,22,30,0.4,12.5,0.4,28.6,7.6,3.2,4.6,12.8,0.127
Fred VanVleet,HOU,30,73,38,35,36.8,111.6,3.4,8.9,13.2,1.4,23.9,0.8,23.7,11,10,7.8,36.4,0.126
Josh Hart,NYK,29,81,49,32,33.4,110.6,6.8,20.5,30,0.9,17.9,0.3,9.7,9.6,8.4,8.9,31.9,0.124
Chet Holmgren,OKC,22,82,57,25,29.4,109.2,6.3,19.8,30.7,0.6,13.3,2.3,50.9,8.2,10,7.4,28.3,0.124
Brandon Clarke,MEM,27,6,2,4,22.4,104.6,3.2,14.5,21.6,0.8,16.1,1,33.3,8.3,5.7,7.5,18.3,0.124
Nickeil Alexander-Walker,MIN,25,82,56,26,23.4,105.5,1.6,6.6,9.7,0.8,19.9,0.5,16.7,7.4,6,6.1,21.7,0.124
Kyle Anderson,MIN,30,79,55,24,22.6,105.1,2.7,11.6,17.1,0.9,22.8,0.6,19.6,7.6,6.1,5.9,21,0.122
Kawhi Leonard,LAC,33,68,44,24,34.3,111.1,4.9,13.8,20.5,1.6,27,0.9,24.3,10,9.5,9.3,33.4,0.122
Evan Mobley,CLE,23,50,29,21,30.6,110.1,7.1,22,32.7,0.9,18.6,1.4,45,11,8.8,9.2,29.2,0.122
Kristaps Porzi??is,BOS,28,57,43,14,29.6,109.6,5.5,16.3,23.8,0.7,19.3,1.9,42.2,8.2,8.8,9,28.5,0.122
Tyler Herro,MIA,24,42,23,19,33.5,111.1,4.8,14,20.7,0.7,14.1,0.1,3,11.2,10.1,10,35.3,0.122
Dean Wade,CLE,27,54,36,18,20.5,103.5,3.4,15.4,22.3,0.7,21.5,0.5,21,7.1,4.6,5.8,20.1,0.121
Jrue Holiday,BOS,34,69,53,16,32.8,110.9,4.2,11.7,17.2,0.9,19.7,0.8,17.6,9.1,9.6,8.8,31.9,0.121
Gabe Vincent,LAL,28,11,7,4,19.8,103,0.5,2.2,3.1,0.8,20,0,0,7.3,5.9,5.6,15.6,0.119
Jarrett Allen,CLE,26,77,46,31,31.7,110.7,7.4,23.1,33.6,0.7,13.5,1.1,36.3,11.5,8.3,9.4,31,0.119
De'Aaron Fox,SAC,26,74,42,32,35.9,112.3,3.7,10.4,14.8,2,35,0.4,13.2,11.6,7.8,9,36.2,0.119
Paolo Banchero,ORL,21,80,46,34,35,111.9,5.9,17.8,25.7,0.9,14.8,0.6,15.8,11.7,9.1,10.7,35,0.118
Jaylen Brown,BOS,27,70,52,18,33.5,111.6,4.3,11.9,17.5,1.2,25.5,0.5,11,9.5,9.9,9.6,33.3,0.118
Darius Garland,CLE,24,57,31,26,33.3,111.4,2.1,6.4,9.6,1.3,24.3,0.1,4,12.1,9.4,9.5,31.6,0.117
Damian Lillard,MIL,33,73,48,25,35.3,112.4,3.9,10.2,14.7,1,20.7,0.2,6.4,11.1,9.8,10.8,38.2,0.115
Kentavious Caldwell-Pope,DEN,31,76,54,22,31.6,111,2,6.2,9,1.3,26.6,0.6,16.9,9.7,8.3,9.2,33.6,0.114
Aaron Gordon,DEN,28,73,49,24,31.5,111.1,4.1,12.9,18.4,0.8,16.2,0.6,19.3,10,8,9.3,34.4,0.113
Jalen Brunson,NYK,27,77,49,28,35.4,112.6,3.1,8.8,12.8,0.9,16.1,0.2,5.8,10.3,9.3,10.6,35.3,0.113
Tyrese Maxey,PHI,23,70,43,27,37.5,113.2,3.2,8.5,12.8,1,15.7,0.5,9.6,10.4,10.7,12.5,39.7,0.113
Zavier Simpson,MEM,27,7,1,6,23.1,106.8,2.3,10.2,15.1,1,20,0.4,21.4,9.3,4.6,6.1,22.6,0.112
Tristan Vukcevic,WAS,21,10,3,7,15.3,98.8,3,16,24,0.5,18.5,0.7,41.2,5.5,5,4.3,18,0.112
Kevin Durant,PHX,35,75,44,31,37.2,113.3,6.1,15.5,22.9,0.9,15.8,1.2,27.7,14.2,11,11.3,39.9,0.111
Herbert Jones,NOP,25,76,46,30,30.5,111,2.6,8.4,12.1,1.4,26.3,0.8,25.3,9.5,7.7,8.1,29.2,0.111
Zion Williamson,NOP,23,70,42,28,31.5,111.6,4.1,12.7,18.5,1.1,19.1,0.7,20.5,10.6,8.5,9.8,30.9,0.111
Paul George,LAC,34,74,48,26,33.8,112.1,4.7,13.8,20.2,1.5,26.9,0.5,14,10.1,9.2,9.3,33,0.111
Kyrie Irving,DAL,32,58,39,19,35,112.6,4.2,11.6,17.5,1.3,25,0.5,12.2,10.1,10.3,10.1,36,0.111
Jaden McDaniels,MIN,23,72,48,24,29.2,110.4,2.3,7.8,11.5,0.9,19.2,0.6,17.3,9.9,7.9,7.9,28.1,0.11
Alex Caruso,CHI,30,71,34,37,28.7,110.6,3,10.3,15.4,1.7,34.2,1,33,8.9,8.1,7.5,26.1,0.11
Tobias Harris,PHI,31,70,41,29,33.8,112.4,5.3,15.6,23.2,1,17.6,0.7,14.7,9.7,9.1,10.8,35.6,0.11
Al Horford,BOS,38,65,51,14,26.8,109.5,5.1,17.8,25.5,0.6,16.7,1,25.8,7.4,7.1,6.5,26.3,0.109
Jaime Jaquez Jr.,MIA,23,75,44,31,28.2,110.4,2.7,9.4,13.8,1,24.2,0.3,12.9,9.1,7.9,7.4,27.2,0.108
Victor Wembanyama,SAS,20,71,19,52,29.7,111.2,8.4,27.3,38.9,1.2,27.4,3.6,70.8,11.7,8,8.6,32.4,0.107
CJ McCollum,NOP,32,66,42,24,32.7,112.2,3.7,11.6,16.4,0.9,17.3,0.6,19.2,9.9,8.3,9,32.1,0.107
Giannis Antetokounmpo,MIL,29,73,45,28,35.2,113.2,8.8,23.7,34.3,1.2,23.9,1.1,28.5,10.6,9.5,8.9,37,0.107
Luka Don?i?,DAL,25,70,46,24,37.5,113.8,8.4,21.8,32.2,1.4,25.7,0.5,13.5,11.1,10.4,12.6,39.5,0.106
Devin Booker,PHX,27,68,43,25,36,113.5,3.7,9.8,14.6,0.9,16.5,0.4,9.8,13,10.5,10.3,36.4,0.105
Sam Hauser,BOS,26,79,62,17,22,107.1,2.9,12.2,17.8,0.5,16.7,0.3,10.4,6.1,6.1,5,21.7,0.105
Caris LeVert,CLE,29,68,38,30,28.8,111.2,3.5,12.1,18.2,1.1,25.6,0.5,16.6,9.7,8.2,8.4,27.8,0.105
Brandon Ingram,NOP,26,64,38,26,32.9,112.6,4.4,13.3,18.9,0.8,14.9,0.6,18.8,10.8,8.7,9.5,32.2,0.104
Michael Porter Jr.,DEN,26,81,57,24,31.7,112.1,5.7,17.7,25.3,0.5,11.4,0.7,20.1,9.5,7.9,9.4,33.5,0.104
Brook Lopez,MIL,36,79,48,31,30.5,111.9,3.7,11,15.7,0.5,14.7,2.4,65.9,9.8,8.7,9.6,32.8,0.104
Draymond Green,GSW,34,55,33,22,27.1,110.7,5.9,20,28.8,1,24.7,0.9,31.1,9.5,6.9,8.6,26.2,0.103
Julius Randle,NYK,29,46,29,17,35.4,113.8,7,19.8,28.6,0.5,9.9,0.3,9,11.7,8.8,11.7,35.7,0.103
Isaac Okoro,CLE,23,69,41,28,27.3,110.7,2,7.2,10.7,0.8,20.2,0.5,18,9.9,6.9,7.9,26.8,0.102
Duncan Robinson,MIA,30,68,38,30,28,111,2.3,8.4,12.1,0.7,15.9,0.2,10.8,9.1,7.6,7.7,26.7,0.102
Wendell Carter Jr.,ORL,25,55,30,25,25.6,109.6,4.9,20.7,29,0.6,14.2,0.5,24.8,8.6,6,7.9,23.9,0.102
Jalen Suggs,ORL,23,75,43,32,27,110.8,2.4,9.5,13.4,1.4,29.9,0.6,22.5,9.8,6.5,8.3,26.6,0.102
LeBron James,LAL,39,71,41,30,35.3,113.6,6.4,17.2,25.3,1.3,23.1,0.5,13,12.5,10.8,11.5,37,0.101
Jamal Murray,DEN,27,59,44,15,31.5,112.4,3.4,10.5,15.6,1,20.4,0.7,16.3,10.8,9.2,9.6,34.6,0.101
Bradley Beal,PHX,31,53,33,20,33.3,113.2,3.4,9.9,14.6,1,18.4,0.5,14.1,12.8,9.6,10.7,34.9,0.101
DeMar DeRozan,CHI,34,79,37,42,37.8,114.6,3.8,10.1,15,1.1,19.5,0.6,15.4,11.8,10.5,9.9,35.5,0.099
Jonathan Isaac,ORL,26,58,35,23,15.8,102.1,3.2,20.1,30.8,0.7,24.3,1.2,54.3,5.1,3.3,4.2,13.2,0.099
Anthony Davis,LAL,31,76,45,31,35.5,114,9.5,25.2,36.6,1.2,21.9,2.3,52.5,12,10.6,11.6,36.4,0.099
Keegan Murray,SAC,23,77,43,34,33.6,113.4,4.1,12.6,17.8,1,18,0.8,27.7,11.3,7.1,7.5,34.2,0.099
Isaiah Hartenstein,NYK,26,75,47,28,25.3,110.3,5.1,20.1,29,1.2,27.9,1.1,49.1,7.3,6.3,7.3,24.4,0.098
Jose Alvarado,NOP,26,56,38,18,18.4,105.2,1.8,9.6,14.7,1.1,28,0.3,16.1,6.1,5,5.2,16.9,0.098
Caleb Martin,MIA,28,64,36,28,27.4,111.1,3.2,11.9,17.4,0.7,18.6,0.5,25,8.4,7.5,7,24.8,0.098
Robert Covington,PHI,33,29,20,9,16.8,103.6,2.3,12.7,19.8,1.3,36.8,0.6,32.7,6.1,5,5.6,16,0.098
Jusuf Nurki?,PHX,29,76,48,28,27.3,111.3,8.1,28.4,40,1.1,25.3,1.1,35.9,9.8,6.7,8,28.3,0.097
Vince Williams Jr.,MEM,23,52,18,34,27.6,111.4,4.4,16.3,24.9,0.9,18.9,0.7,16.9,9.9,7.9,7.9,28.8,0.097
Alperen Sengun,HOU,21,63,29,34,32.5,113.2,6.4,19.3,28.1,1.2,24.1,0.7,27.7,9.3,9.2,7.3,31.8,0.097
Kyle Lowry,PHI,38,60,32,28,28.2,111.6,2.7,9.8,14.5,1,22.2,0.4,14,9.6,7.2,9.1,26.8,0.096
Malik Beasley,MIL,27,79,46,33,29.6,112.6,3.2,9.8,14.1,0.7,18.7,0.1,3.4,9,8.1,9,32.1,0.095
Amen Thompson,HOU,21,62,30,32,22.4,109.3,4.2,18.4,27,1.3,28.4,0.6,25.3,7.3,5.9,6.2,23.1,0.095
Royce O'Neale,PHX,31,79,38,41,24.7,110.4,4,15.5,23.1,0.7,18.6,0.6,19,9,6.5,7.6,23.7,0.095
Luguentz Dort,OKC,25,79,54,25,28.4,112.1,2.7,8.9,13.7,0.9,19,0.6,15.2,8.6,9.3,7.8,27.2,0.095
Chris Paul,GSW,39,58,33,25,26.4,111,3.6,12.6,19.3,1.2,29.3,0.1,4.6,8.8,8.2,6.9,26,0.095
Tre Jones,SAS,24,77,21,56,27.8,111.8,3,10.4,15.1,1,23.2,0.1,3,10.6,8.1,7.7,31.4,0.094
Grayson Allen,PHX,28,75,45,30,33.5,113.9,3.3,9.4,14,0.9,18.5,0.6,15.3,12.6,9.8,9.8,35.6,0.094
Naji Marshall,NOP,26,66,41,25,19,106.8,2.8,14.2,21.2,0.7,21.1,0.2,11.3,6,5.2,5.6,17.7,0.094
Mikal Bridges,BKN,27,82,32,50,34.8,114.3,3.7,10.5,15.6,1,20.9,0.4,9.3,10.7,10.1,11.4,35.4,0.093
Gary Harris,ORL,29,54,35,19,24,110.3,1.2,5.5,7.9,0.9,22,0.3,10.3,7.5,6.6,6.7,23.7,0.093
Eric Gordon,PHX,35,68,41,27,27.8,112.2,1.6,5.2,8,1,22.1,0.4,11.8,10.8,8.6,8.1,29.1,0.093
D'Angelo Russell,LAL,28,76,46,30,32.7,113.9,2.7,7.9,11.6,0.9,18.1,0.5,12,10.3,10.4,10.6,35.8,0.092
De'Anthony Melton,PHI,26,38,25,13,26.9,112,3,11.1,16.6,1.6,31.7,0.4,11.9,8,6.9,8.3,29.9,0.092
Sidy Cissoko,SAS,20,12,5,7,11.7,97.1,1.2,8.2,12.1,0.6,28,0.3,21.4,4.9,4.2,3.8,11.8,0.092
Brandin Podziemski,GSW,21,74,41,33,26.6,111.6,4.2,14.9,21.5,0.8,21.6,0.2,7.4,9.2,7.9,7.8,26.6,0.092
Payton Pritchard,BOS,26,82,64,18,22.3,109.2,2.4,10.3,15.2,0.5,15.5,0.1,2.6,6,5.9,5.6,22.2,0.091
GG Jackson,MEM,19,48,14,34,25.7,111.4,3,11.4,17.7,0.6,12.2,0.5,16,10.8,7.7,9.2,27.1,0.091
Jaren Jackson Jr.,MEM,24,66,22,44,32.2,113.9,4.2,13.2,20.1,1.2,22.2,1.6,37.1,11.3,9.6,10.1,31.4,0.091
T.J. Warren,MIN,30,11,7,4,11.3,97.4,1.5,13.2,17.7,0.4,16,0.1,7.7,3.3,2.3,3.8,12.5,0.09
Markelle Fultz,ORL,26,43,25,18,21.2,109,1.9,9.4,13.6,1,23.9,0.3,21.4,6.7,5.6,6.3,21.1,0.09
Jordan Walsh,BOS,20,9,9,0,9.3,90.2,1.7,15.3,20.8,0.6,26.3,0.1,9.1,1.8,2.2,3.3,6.9,0.09
Jabari Smith Jr.,HOU,21,76,39,37,31.9,113.8,6.3,19.1,28.5,0.7,14.9,0.8,28.8,9.5,9.3,7.4,32.3,0.09
Jalen Green,HOU,22,82,41,41,31.7,113.8,4.7,14.3,21.1,0.8,17.1,0.3,12.6,9.6,9.3,7.9,32.7,0.089
Dillon Brooks,HOU,28,72,36,36,30.9,113.6,2.7,8.4,12.7,0.9,18.7,0.1,5,10,9.1,7,31.1,0.089
Josh Giddey,OKC,21,80,56,24,25.1,111.5,5,19,29,0.7,15.8,0.6,14.9,7.4,8.3,6.8,25.6,0.089
Larry Nance Jr.,NOP,31,61,34,27,19.9,108.4,3.5,17.6,26.1,1,26.5,0.3,18.6,6.7,4.9,5.6,19,0.088
Toumani Camara,POR,24,70,19,51,24.8,111.5,2.9,11.9,18.2,0.9,22.7,0.5,22.1,9.8,7.1,8.8,26.5,0.088
Jonathan Kuminga,GSW,21,74,40,34,26.3,112.2,3.6,12.6,18.6,0.7,18.6,0.5,18.8,8.8,7.5,8,27.7,0.088
Nikola Jovi?,MIA,21,46,24,22,19.5,107.9,3.6,18.6,26.1,0.5,16.9,0.3,20.9,6,5.6,4.7,19.4,0.088
Cole Anthony,ORL,24,81,47,34,22.4,110,3,14,21.4,0.8,21.4,0.5,18,7.7,5.8,6.3,21.8,0.088
Haywood Highsmith,MIA,27,66,39,27,20.7,109,2.2,10.7,15.6,0.8,24.1,0.5,28.8,7.4,5.8,5.8,19.5,0.087
Isaiah Joe,OKC,24,78,54,24,18.5,107.5,1.9,9.8,15.3,0.6,17.3,0.3,12.9,6.2,5.6,4.2,16.8,0.087
Jae'Sean Tate,HOU,28,65,32,33,15.9,105,2.1,12.7,18.1,0.6,21.6,0.2,16,4.6,4.5,3.6,15,0.087
Devin Vassell,SAS,23,68,17,51,33.1,114.6,3.4,10.2,15,1.1,20.3,0.3,7.8,13.5,9.7,10.1,39.5,0.086
Domantas Sabonis,SAC,28,82,46,36,35.7,115.2,10.1,29.5,41.3,0.9,15.5,0.6,21.6,12,7.6,8.8,36.6,0.086
Dereon Seabron,NOP,24,6,3,3,9.2,92.5,1,8.2,12.5,0.3,33.3,0.2,16.7,4,2.2,1.8,8.7,0.086
Dorian Finney-Smith,BKN,31,68,28,40,28.4,113.2,3.1,10.7,15.9,0.8,20.8,0.6,19.3,8.6,8,8.4,29.1,0.085
Nicolas Batum,PHI,35,60,36,24,25.5,111.9,3,11.5,17.5,0.8,18.9,0.6,17.9,8,7.2,7.5,27.1,0.085
Stephen Curry,GSW,36,74,43,31,32.7,114.7,4,11.6,16.9,0.7,16.1,0.4,12.6,12.2,8.8,11,34.2,0.085
Kelly Oubre Jr.,PHI,28,68,40,28,30.2,114,3.6,12.1,18.3,1.1,21.2,0.7,18.4,9,8.8,10,30.6,0.085
Zach LaVine,CHI,29,25,10,15,34.9,115.3,4.8,13.4,20.9,0.8,16.5,0.3,10.3,9.8,11.2,9.8,30.7,0.085
Christian Braun,DEN,23,82,57,25,20.2,109.3,2.8,12.6,19.5,0.5,17.1,0.4,15.8,6.8,6.3,4.8,20,0.084
Reggie Jackson,DEN,34,82,57,25,22.2,110.6,1.5,6.3,9.5,0.5,17,0.1,5.9,7.8,6.3,5.8,22.3,0.084
Jalen Johnson,ATL,22,56,27,29,33.7,115.2,7.4,21.1,31.2,1.2,22,0.8,24,11.2,9.5,12.6,36.6,0.084
Ivica Zubac,LAC,27,68,42,26,26.4,112.4,6.3,23.5,33.6,0.3,7.7,1.2,47.4,8.2,7.1,7.4,24.9,0.084
Jarred Vanderbilt,LAL,25,29,14,15,20,109.4,3.3,16.4,24.1,1.2,29.5,0.2,8.1,7.8,5.9,7,19.9,0.084
Kaiser Gates,NOP,27,1,0,1,7.4,88.2,1,9.1,20,0,0,0,0,3,4,0,6,0.083
Scotty Pippen Jr.,MEM,23,21,5,16,25.1,112.2,2.1,8.8,13.2,1.7,33,0.5,14.9,10.1,6.4,10.1,24,0.083
Coby White,CHI,24,79,37,42,36.5,115.8,4,11,16.2,0.7,12.5,0.2,6.8,11.5,10.4,9.8,34.5,0.083
Desmond Bane,MEM,26,42,14,28,34.4,115.4,3.5,10.4,15.3,1,18.8,0.5,12.4,13.5,9.9,10.9,32.3,0.083
Nic Claxton,BKN,25,71,27,44,29.8,114.1,7.2,23.9,35.9,0.6,16,2.1,57.5,9.3,8.5,10.6,29.8,0.083
Lamar Stevens,MEM,26,38,22,16,14.7,104,2.4,14.8,23.4,0.6,21.9,0.6,30.1,5.9,4.2,4.2,12.9,0.082
Norman Powell,LAC,31,76,48,28,26.2,113,2.4,8.5,13,0.6,13.6,0.3,9.6,8.7,7.8,8.1,27,0.082
Quentin Grimes,DET,24,51,32,19,20.1,109.1,1.7,8,11.9,0.7,24,0.1,8,6.1,5.7,6.2,20.4,0.082
Monté Morris,MIN,29,33,21,12,14.4,104.1,1.5,10.5,14.7,0.6,22.6,0.3,13.2,4,3.2,5.1,14.8,0.082
James Harden,LAC,34,72,46,26,34.3,115.2,4.7,13.4,20.1,1.1,19.1,0.8,22.1,10.5,9.4,9.8,34.8,0.082
Isaiah Stewart,DET,23,46,9,37,30.9,114.5,5,16.1,22.8,0.4,9.6,0.8,24.7,12.7,8.7,8.2,34.3,0.081
Cason Wallace,OKC,20,82,57,25,20.6,110,1.6,7.7,12.1,0.9,22.4,0.5,16.3,6.8,6.7,4.9,21.2,0.081
Bogdan Bogdanovi?,ATL,31,79,35,44,30.4,114.4,2.8,9.2,13.4,1.2,24.9,0.3,12.5,9.9,7.7,9.9,31.6,0.081
Maxi Kleber,DAL,32,43,27,16,20.3,109.9,2.6,12.5,17.9,0.4,15.3,0.7,38,6.6,5.1,5.8,20.5,0.081
Javonte Green,CHI,30,9,5,4,25.6,112.8,5.2,21.9,29.9,1.1,24.4,0.9,40,7.9,6,7.3,25.8,0.08
Ashton Hagans,POR,24,19,3,16,16.6,106.5,1.6,10.1,16,0.6,23.4,0.5,25.7,6.2,4.2,4.5,14.9,0.08
Scottie Barnes,TOR,22,60,22,38,34.9,115.8,5.9,16.7,25.1,1.3,22.8,1.5,38.1,11.4,10.8,9,38.8,0.08
Donte DiVincenzo,NYK,27,81,50,31,29.1,114.2,2.9,10.2,15.1,1.3,27.9,0.4,17.3,9.2,7.6,8.5,28.7,0.079
DeJon Jarreau,MEM,26,9,2,7,16.6,107.5,4,23.8,32.4,0.7,22.2,0.2,14.3,5.1,3.4,6.3,14.4,0.079
Immanuel Quickley,TOR,25,68,28,40,29.2,114.2,3.6,12,17.8,0.7,16.1,0.1,5.5,8.9,8.3,7.9,30.2,0.079
Nikola Vu?evi?,CHI,33,76,36,40,34.3,115.7,7.8,22.9,33.9,0.7,12.9,0.8,25.2,11.1,9.7,9.5,32.6,0.079
Jake LaRavia,MEM,22,35,8,27,23,111.9,2.2,9.3,14.5,0.8,20.9,0.3,11.8,10.1,7.1,7.7,22.1,0.078
Pascal Siakam,IND,30,80,38,42,33.2,115.3,5.3,15.9,23.3,0.8,16.8,0.3,9.1,10.2,9.2,8.9,37.8,0.078
Rui Hachimura,LAL,26,68,40,28,26.8,113.5,3.5,12.1,17.7,0.6,15.2,0.4,12.3,8.8,8.1,8.2,28.9,0.078
Derrick Rose,MEM,35,24,6,18,16.6,107.7,1.6,8.9,13.3,0.3,13.1,0.1,4.3,5.5,5.8,3.5,16.3,0.078
Deandre Ayton,POR,25,55,14,41,32.4,115.3,7.9,25,37.4,1,20,0.8,27.5,13,9,11,36.3,0.078
Dyson Daniels,NOP,21,61,34,27,22.3,111.7,2.9,12.6,19,1.4,34.1,0.4,20.2,7.3,6.4,5.9,21.5,0.078
Trey Lyles,SAC,28,58,33,25,20,110.2,3.4,16.6,24,0.3,11.5,0.3,16.2,6.7,4.8,5.1,18.9,0.078
Ausar Thompson,DET,21,63,10,53,25.1,113.1,4.3,17.3,25.2,1.1,31.8,0.9,33.1,9.8,6.9,7.7,26.3,0.077
Derrick Jones Jr.,DAL,27,76,47,29,23.5,112.3,2.2,8.9,13.5,0.7,20.2,0.7,24.4,7.6,6.8,7.9,24.9,0.077
Ben Simmons,BKN,27,15,7,8,23.9,113,5.9,24.1,33.5,0.8,22.2,0.6,26.5,8.1,5.7,8.3,25.5,0.077
Jordan McLaughlin,MIN,28,56,35,21,11.2,100.1,1,8.7,12.4,0.6,26.9,0.1,10.3,3,2.6,2.8,9.9,0.076
Malcolm Brogdon,POR,31,39,15,24,28.7,114.5,3.1,10.8,16.7,0.7,15.7,0.2,7,11,8.8,9.1,33.4,0.076
Kevin Love,MIA,35,55,31,24,16.8,108.2,5.1,29.5,43.5,0.3,14.3,0.2,21.3,5.5,3.7,4,16.6,0.076
Aaron Holiday,HOU,27,78,39,39,16.3,107.6,1.3,7.5,10.9,0.5,19.5,0.1,5,5.2,4.7,4,16.2,0.076
Matt Hurt,MEM,24,8,2,6,14.2,104.8,0.9,6,10,0.4,16.7,0.4,25,6.1,5.8,2.8,14.8,0.076
Peyton Watson,DEN,21,80,56,24,18.6,109.7,2.5,12.1,19.1,0.5,20.5,1.1,40.2,6.8,6,4.9,19,0.075
Dennis Smith Jr.,BKN,26,56,19,37,18.9,109.9,2,10.8,16.6,1.2,37.6,0.2,13.3,5.9,5.2,4.9,17.6,0.075
Danté Exum,DAL,28,55,36,19,19.8,110.5,2.3,10.8,16,0.4,15.8,0.1,4.5,5.2,5.6,5.8,19.9,0.075
Xavier Tillman,BOS,25,54,30,24,18,109.4,2.6,14.9,22.5,0.9,27.1,0.8,34.1,6.3,5.1,5.4,18.3,0.074
Dennis Schröder,BKN,30,80,30,50,31.1,115.4,2.5,8.2,12.1,0.8,18.3,0.2,7.1,9.7,9,9.3,33.1,0.074
Josh Richardson,MIA,30,43,24,19,25.6,113.7,2.4,9.4,14,0.6,15.1,0.3,21.5,8.9,7.3,6.1,25.9,0.074
Austin Reaves,LAL,26,82,47,35,32.1,115.6,3.6,10.7,15.7,0.8,17.5,0.3,8.2,11.1,9.4,10.9,34,0.074
Jordan Goodwin,MEM,25,57,30,27,18.5,109.7,2.9,15.1,23.1,0.8,25.3,0.3,12.3,7,4.7,5.1,18.7,0.074
Shaedon Sharpe,POR,21,32,8,24,33.1,116,3.7,11.6,18.6,0.9,15.9,0.4,12.4,12.2,10.3,11.5,39.2,0.074
Ayo Dosunmu,CHI,24,76,37,39,29.1,114.9,2.1,7.2,10.8,0.9,19.9,0.5,15.8,9.4,8.4,8,27.7,0.074
Ryan Rollins,MIL,21,13,1,12,6,83.4,0.8,13.3,22,0.8,34.5,0.2,18.8,1.5,1.4,1.4,4.2,0.074
Jeremy Sochan,SAS,21,74,18,56,29.6,115,4.6,15.3,22.3,0.8,19,0.5,13.7,11.9,8.3,9,34.6,0.073
Jock Landale,HOU,28,56,28,28,13.6,105.3,1.5,10.2,15.1,0.4,15.7,0.6,37.5,4.7,4.1,3.8,13.4,0.073
Anthony Black,ORL,20,69,39,30,16.9,108.9,1.5,9.3,13.6,0.5,18,0.3,13.7,6.6,4,5.8,17.4,0.073
Russell Westbrook,LAC,35,68,45,23,22.5,112.8,3.7,15.4,23.2,1.1,28.2,0.3,15.1,7.4,7.1,8,24.3,0.073
Kenrich Williams,OKC,29,69,49,20,14.9,106.7,2.1,14,20.9,0.6,19.4,0.1,6.7,4.9,4.3,3.8,14.4,0.073
Miles McBride,NYK,23,68,42,26,19.5,110.6,1,5.3,8,0.7,24,0.1,6.4,6.3,5,4.9,18.3,0.073
Keon Ellis,SAC,24,57,33,24,17.2,109,1.6,9.4,13.6,0.9,31.3,0.5,28.2,5.4,3.6,3.8,17.1,0.072
Kris Murray,POR,23,62,12,50,21.7,112.1,2.2,10.7,16,0.9,25,0.3,18.8,8.9,5.7,7.9,22.1,0.072
Jakob Pöltl,TOR,28,50,21,29,26.4,114.2,5.7,21.4,30.9,0.7,16.7,1.5,53.1,8.5,7.2,7.4,27.8,0.072
Precious Achiuwa,NYK,24,74,40,34,21.9,112.3,4,18.2,27.7,0.6,18.5,0.9,40.5,7.4,6.2,6.3,22,0.072
Matt Ryan,NOP,27,28,14,14,13.9,106.5,1.2,7.9,12.5,0.2,9.8,0,2.6,5.7,4.7,4.1,15,0.072
Evan Fournier,DET,31,32,8,24,18.1,109.9,1.7,8.8,13.3,0.9,27.1,0.2,13.2,7.7,5.3,5.3,19.4,0.071
Khris Middleton,MIL,32,55,31,24,27,114.6,3.9,13.4,19.7,0.9,27.4,0.3,8.8,8.1,8.3,7.7,28.3,0.071
Danuel House Jr.,PHI,31,34,21,13,15,107.7,1.2,8.1,12.2,0.4,13.8,0.1,10.6,4.2,4.2,6.1,15.1,0.071
John Konchar,MEM,28,55,18,37,21.3,112.2,3.4,16.4,24.3,0.9,25.8,0.9,29.7,8.5,5.7,6.1,21.9,0.07
P.J. Washington,DAL,25,73,30,43,30.4,115.6,4.5,14.7,21.6,1,21.8,0.8,22.3,10.2,8.6,8.9,31.6,0.07
Devonte' Graham,SAS,29,23,8,15,13.6,105.6,1.3,9.5,13.8,0.4,22,0.1,5,4.5,3.7,3.9,14.5,0.07
Tyrese Haliburton,IND,24,69,40,29,32.2,116.2,3.4,10.2,15.5,1.2,24.9,0.7,16.2,9.8,10.2,9.3,40.6,0.069
Cameron Johnson,BKN,28,58,21,37,27.6,114.9,3.4,12.4,18.4,0.8,22.4,0.3,8.5,7.9,8.2,8.7,27.4,0.069
Day'Ron Sharpe,BKN,22,61,25,36,15.1,108,3.7,23.5,35.1,0.4,17.1,0.7,45.4,5.1,3.9,4.4,14.2,0.069
Andrew Nembhard,IND,24,68,41,27,25,114,1.5,6,9.3,0.9,23,0.1,2.8,8,7.4,6.8,28.4,0.069
Aaron Nesmith,IND,24,72,41,31,27.7,115,2.9,10.3,15.8,0.9,21,0.7,19.1,8.6,8.4,6.8,32,0.069
Christian Wood,LAL,28,50,28,22,17.4,109.9,4.3,22.6,33,0.3,13.1,0.7,30,6.6,5.3,6,17.1,0.069
Santi Aldama,MEM,23,61,23,38,26.5,114.6,4.6,17.3,27.1,0.7,16.7,0.9,25,10,7.8,8.2,26.1,0.069
Jonas Valan?i?nas,NOP,32,82,49,33,23.5,113.4,6.5,27.2,38.2,0.4,11,0.8,33.7,7.3,6.1,6.7,22.4,0.068
Timmy Allen,MEM,24,5,0,5,25.1,114.4,2.6,11.3,16,0.8,19,0,0,8.8,4.8,7.6,24,0.068
Spencer Dinwiddie,LAL,31,76,38,38,28.3,115.2,2.3,7.7,11.4,0.7,19.6,0.3,8.5,8.4,8.3,8.7,29.9,0.067
Moses Moody,GSW,22,66,38,28,17.5,110.2,2,10.8,15.7,0.6,23.7,0.4,22.6,6,4.5,5.7,17.1,0.067
Ish Wainright,PHX,29,11,2,9,5.7,84.8,1,16.9,23.9,0.4,30.8,0.1,16.7,1.8,0.5,1.8,3.1,0.067
Gary Payton II,GSW,31,44,27,17,15.5,108.9,1.5,9.7,14.2,0.9,27.3,0.4,24.3,5.4,3.7,4.6,15.2,0.067
Cam Whitmore,HOU,19,47,19,28,18.7,111.6,2.9,14.8,22.1,0.6,18.5,0.4,17.7,6.1,5.3,5.5,19.1,0.067
Markquis Nowell,TOR,24,1,0,1,3.5,62.5,0,0,0,1,50,0,0,0,0,0,2,0.067
Ziaire Williams,MEM,22,51,20,31,20.3,112.4,2.8,13.8,21.5,0.7,19.7,0.2,7.2,7.8,6.4,6.6,21.3,0.067
Simone Fontecchio,DET,28,66,29,37,24.9,114.5,2.8,10.7,15.4,0.7,17.1,0.3,12.8,8.7,6.5,9.2,27.2,0.067
Cam Reddish,LAL,24,48,27,21,20.5,112.5,1.5,7.1,10.5,1,25.3,0.3,12.5,8.3,6.4,6.8,21.8,0.066
Harrison Barnes,SAC,32,82,46,36,29,115.7,2.2,7.9,11.1,0.7,14.1,0.1,7.2,9.7,6.1,7.1,30.5,0.066
Adama Sanogo,CHI,22,9,3,6,7.3,93.6,1.9,26.6,36.2,0.1,5.9,0,0,2.8,1.8,1.9,5.8,0.066
Joe Ingles,ORL,36,68,42,26,17.2,110.3,1.8,11.1,17,0.6,21.7,0.1,4.2,5.7,4.6,5,17.2,0.066
Jeff Dowtin Jr.,PHI,27,12,7,5,11.8,104.1,1.4,11.4,18.5,0.6,26.9,0.1,5,3.8,3.6,2.6,11,0.066
Seth Curry,CHA,33,44,25,19,14,107.5,1.1,7.8,12,0.5,20.6,0.1,9.7,4.8,4.3,4.4,14.2,0.066
Moritz Wagner,ORL,27,80,46,34,17.7,110.8,2.9,16.8,25.7,0.5,16.7,0.3,15,6.2,4.4,5.5,17.4,0.066
Jamaree Bouyea,SAS,25,9,2,7,10.5,101.5,1.8,17,25.8,0.1,7.1,0,0,3,2.6,3.3,9.1,0.066
Delon Wright,MIA,32,47,16,31,15.8,109.7,1.4,8.9,13.4,1.1,40.6,0.2,17.7,5.6,4.6,4.2,16.7,0.066
Jahmi'us Ramsey,TOR,23,7,0,7,17.3,110.8,2.6,13,23.1,1,28,0,0,7.3,6.1,7.7,19.7,0.066
Deni Avdija,WAS,23,75,14,61,30.1,116.2,6.1,19.2,29.3,0.8,16.9,0.5,16.3,11.1,10.2,9.5,37.2,0.066
Klay Thompson,GSW,34,77,41,36,29.7,116.1,2.8,9.3,13.8,0.6,16.1,0.5,17.2,10.5,8.3,9.1,32.1,0.065
Malik Monk,SAC,26,72,42,30,26,115.1,2.6,10.1,14.6,0.6,17.2,0.5,22.9,9,6.4,6.3,26.3,0.065
Lauri Markkanen,UTA,27,55,22,33,33.1,116.9,5.9,17.6,25.8,0.9,19.5,0.5,13.6,12.8,9.4,12.1,35.9,0.065
Tre Mann,CHA,23,41,21,20,24.1,114.1,3.1,13.2,20.6,1.2,31.3,0.1,3.3,7.8,7.6,6.4,25.2,0.065
Trey Jemison,MEM,24,25,5,20,23,113.8,2.8,13.1,19,0.5,11.9,1.1,51.9,10.7,5.4,8.4,23.9,0.065
Keldon Johnson,SAS,24,69,17,52,29.5,116.1,4.1,13.5,19.8,0.7,17.5,0.3,8.4,10.8,9.1,9.1,33.6,0.065
Paul Reed,PHI,25,82,47,35,19.4,112,3.6,19.4,29.3,0.8,22.8,1,41.4,5.5,5.7,6,20.5,0.064
Patrick Williams,CHI,22,43,19,24,27.3,115.5,2.8,10.5,15.2,0.9,22.3,0.8,29.7,8.9,7.3,8.4,26.5,0.064
Patrick Beverley,MIL,35,73,43,30,20,112.2,2.6,12.5,19.3,0.6,17.4,0.4,18.1,5.9,5.9,5.5,19.2,0.064
Cam Thomas,BKN,22,66,23,43,31.4,116.7,2.8,8.9,13.5,0.7,16,0.2,7.2,10.2,9,11.2,33,0.064
Sandro Mamukelashvili,SAS,25,46,12,34,9.8,101.3,2.2,20.9,29.5,0.2,10.8,0.3,21.8,3.5,2.9,2.4,9.8,0.064
Justin Holiday,DEN,35,58,38,20,14.9,109.1,1.1,6.9,10.5,0.6,24.2,0.2,8.1,5.1,4.2,4.7,15.6,0.063
Myles Turner,IND,28,77,45,32,27,115.5,5.5,19.8,29.1,0.5,13.5,1.9,53.3,8.3,7.5,7,32.6,0.063
Georges Niang,CLE,31,82,48,34,22.3,113.9,3.1,13.8,20.6,0.4,12.1,0.2,10.2,8,6.4,6.8,21.9,0.063
Terance Mann,LAC,27,75,47,28,25,114.8,2.2,8.8,12.8,0.6,15.5,0.2,8.8,8.6,7,7.3,25.7,0.063
JD Davison,BOS,21,8,8,0,4.9,83.1,1,16,22.2,0.1,10,0.1,10,1,1.8,2.6,5.5,0.063
Terry Rozier,MIA,30,61,22,39,33.4,117.2,3.5,11,16,1,21,0.3,11.9,10.9,9.5,10.1,34.2,0.063
Luke Kennard,MEM,28,39,15,24,25.6,115.2,2.6,10.5,16.3,0.5,12.1,0.1,1.5,9.9,8.1,9,27.3,0.063
RJ Barrett,TOR,24,58,26,32,31.7,116.9,4.5,14,21.3,0.5,10.7,0.4,13.4,10.7,9.8,10.6,35.1,0.062
Kobe Bufkin,ATL,20,17,8,9,11.5,105,1.6,13,19.6,0.4,25,0.3,22.7,4.1,2.6,2.8,11.6,0.062
Aaron Wiggins,OKC,25,78,55,23,15.7,110,1.6,9.5,15.2,0.7,24.5,0.2,10.9,4.7,5.6,3.7,15.6,0.062
Sam Merrill,CLE,28,61,36,25,17.5,111.1,1.6,9.1,13.2,0.3,13.8,0.1,4.4,6.2,4.2,5.3,17,0.062
Luke Kornet,BOS,28,63,48,15,15.6,109.7,2.3,14.1,20.3,0.4,18.3,1,52.6,4.4,4.2,4.2,14.7,0.062
Alex Len,SAC,31,48,24,24,9.3,100.8,1.7,17.9,25.8,0.2,15.3,0.7,61.1,2.5,1.9,2,7.6,0.062
Jevon Carter,CHI,28,72,35,37,13.9,108.6,0.7,4.9,7.4,0.5,18.2,0.2,14.7,3.8,4.1,3.7,12.4,0.062
Kevin Huerter,SAC,25,64,37,27,24.4,115,2.9,12.4,17.4,0.7,17.7,0.4,18.3,7.8,5.7,5.9,26.8,0.061
Tim Hardaway Jr.,DAL,32,79,49,30,26.8,115.8,2.9,10.6,16.4,0.5,14.3,0.1,3.1,8.1,8.8,8.4,29.3,0.061
Buddy Hield,PHI,31,84,46,38,25.7,115.7,2.5,9.8,15.1,0.8,21,0.5,15.3,8.6,7.5,7.7,30,0.06
Jerami Grant,POR,30,54,17,37,33.9,117.5,2.9,8.7,13.7,0.8,16.4,0.6,19.3,12.4,10.1,11.5,39.5,0.06
Clint Capela,ATL,30,73,33,40,25.8,115.6,6,23.2,33.5,0.6,15,1.5,56.4,8.5,7.2,9.4,28.5,0.06
Lonnie Walker IV,BKN,25,58,23,35,17.4,111.8,2,11,16.5,0.6,19.6,0.3,20.8,6.4,5.2,5.6,17.4,0.06
Jaylen Nowell,DET,24,13,3,10,16.4,111,1.4,8.2,13.4,0.3,10.3,0.2,6.7,4,5.6,4.1,17.2,0.059
Dexter Dennis,DAL,25,4,1,3,7.5,100,2,21.1,32,0,0,0.3,25,3.8,3.3,5.8,12,0.059
Goga Bitadze,ORL,24,62,34,28,15.4,110.3,2.9,18.7,27.1,0.5,21.1,1.2,53.7,5.1,4.2,4.5,15.9,0.059
Svi Mykhailiuk,BOS,27,41,32,9,10.1,103.4,1,9.3,13.7,0.3,14.7,0,2.2,3.4,2.4,2.6,9.8,0.059
Jack White,MEM,26,4,0,4,15.9,111.1,2,13.6,20.5,1,33.3,0.3,14.3,4.8,2.5,6.8,17.5,0.059
Oshae Brissett,BOS,26,55,46,9,11.5,106.4,1.8,14.8,21.5,0.3,19.6,0.1,11.3,3.4,3,3.5,12.4,0.059
Jaylin Williams,OKC,22,69,48,21,13,107.9,2.9,21.6,32.5,0.4,17.4,0.4,29.3,4.4,3.6,3.1,12.1,0.059
Jae Crowder,MIL,33,50,25,25,23.1,114.9,2.6,11.3,16.4,0.8,21.7,0.2,8.6,6.7,5.5,7.2,24.9,0.059
Grant Williams,CHA,25,76,34,42,28,116.6,3.1,11,16.8,0.6,14.6,0.5,20,9.4,8.4,8.9,31.4,0.058
Julian Champagnie,SAS,23,74,19,55,19.8,113.5,2.2,11.1,15.9,0.6,20.2,0.6,18.4,7.8,5.4,5.9,23.1,0.058
Andrew Wiggins,GSW,29,71,38,33,27,116.3,3,10.5,15.8,0.6,17.5,0.6,22.9,10.4,8.3,8.4,28.2,0.058
Mark Williams,CHA,22,19,7,12,26.8,116.4,5.7,20.9,31.1,0.8,20.8,1.1,42.6,9.4,8.9,8.9,30.6,0.057
Matisse Thybulle,POR,27,65,18,47,22.9,115.1,1.6,7.4,12.1,1.7,40.1,0.8,32.5,9,7.5,8.3,26,0.057
Cade Cunningham,DET,22,62,9,53,33.5,117.8,3.8,11.5,16.3,0.9,20.3,0.4,10.6,14,9,9.5,37.1,0.057
Josh Okogie,PHX,25,60,37,23,16,111.5,1.3,8.1,12.4,0.8,28.9,0.4,20.5,6.5,5.2,4.9,17,0.057
Jalen Duren,DET,20,61,13,48,29.1,117,8.5,28.5,39.8,0.5,15,0.8,26,12.1,7.9,8.4,32.7,0.056
Noah Clowney,BKN,19,23,10,13,16.1,111.7,2.4,14.6,22.8,0.3,14.5,0.7,34.8,5.9,6,6.4,15.8,0.056
Taurean Prince,LAL,30,78,44,34,27,116.5,2.7,9.5,14.1,0.7,18.4,0.4,15,9.3,8.4,10,29.5,0.056
Chimezie Metu,DET,27,51,24,27,16.8,112,3,17.7,26.7,0.8,29.5,0.3,20.3,6.6,4.8,5.2,17.5,0.056
Trevelin Queen,ORL,27,14,5,9,11.8,107.6,1.2,10.1,15.9,0.5,23.3,0.4,27.8,4.8,3.6,2.9,13.9,0.055
Max Christie,LAL,21,67,38,29,14.1,110.3,1.9,12.2,17.5,0.3,15.7,0.3,15.3,5.4,4.3,5.1,14.8,0.055
Daniel Gafford,DAL,25,74,30,44,24.5,116,5,18.6,29.3,0.9,22.8,2.1,57.7,7.8,8.7,7.8,27.2,0.055
Otto Porter Jr.,TOR,31,15,6,9,11.6,107.5,1.5,13,18.4,0.3,14.3,0.3,25,3.9,3.2,3.3,10.9,0.055
Jason Preston,UTA,24,7,2,5,10.2,105.3,1.6,13.3,20,0.3,18.2,0.1,10,2.4,3.3,1.6,12.6,0.054
Patty Mills,MIA,35,32,15,17,13,109.5,0.8,6.6,9.2,0.6,26.7,0,3.8,4.2,3.2,3.2,13.2,0.054
Dereck Lively II,DAL,20,55,35,20,23.5,115.6,4.4,17.9,26.5,0.7,20.5,1.4,51.7,7.1,6.4,8.3,24.8,0.054
Bismack Biyombo,OKC,31,40,20,20,19.8,114.1,3.7,17.9,26.2,0.3,11,0.9,35.9,7.6,5.6,6,19.2,0.054
Bobby Portis,MIL,29,82,49,33,24.5,116,5.7,22.8,34,0.8,23.1,0.4,17.9,6.9,7,6.5,26.6,0.053
Mitchell Robinson,NYK,26,31,19,12,24.8,116.2,3.9,17.3,24.8,1.2,29.6,1.1,68.6,8.2,5.8,8.1,24.8,0.053
Jeff Green,HOU,37,78,39,39,16.8,112.7,1.7,9.9,15,0.2,7.8,0.4,21.8,5.2,4.8,4.2,17.7,0.053
Shake Milton,NYK,27,48,32,16,12.1,109.4,1.3,10.2,14.5,0.4,20.9,0.1,8.2,4.3,3.6,3.9,12.3,0.053
David Roddy,PHX,23,65,25,40,18.1,113.6,2.4,13.4,20.5,0.4,15.8,0.2,7.6,6.7,5.7,5,19,0.053
Neemias Queta,BOS,24,28,24,4,11.9,108.3,2.5,19.5,28.4,0.5,24.5,0.8,51.2,2.6,3,3.5,10.1,0.053
Walker Kessler,UTA,22,64,26,38,23.3,116,4.9,19.9,29.8,0.5,15.5,2.4,72,10,7.3,9.2,23.5,0.052
Bones Hyland,LAC,23,37,20,17,14.6,111.5,1.4,8.8,13.8,0.7,31,0.1,7.7,5.7,4.4,5.4,15.2,0.052
Cody Martin,CHA,28,28,7,21,26.9,117,3.2,12.4,17.9,1.1,29.9,0.6,25.4,8.6,7.3,7.2,28.6,0.051
Daniel Theis,LAC,32,60,38,22,16.9,113.2,2.7,15,23.8,0.4,12.7,0.9,39.2,5.3,5.4,5.6,18.3,0.051
Cameron Payne,PHI,29,78,46,32,16.7,113.2,1.2,7.3,11.1,0.5,21.1,0.1,7.6,4.9,4.9,4.7,17.5,0.051
Andre Drummond,CHI,30,79,37,42,17.1,113.3,5.6,33.1,49,0.9,32.9,0.6,31.6,5.6,4.8,4.5,15.3,0.051
Robert Williams III,POR,26,6,2,4,19.8,114.9,4.5,22.7,34.6,1.2,31.8,1.2,46.7,7.5,4.3,8.2,20.7,0.051
Trayce Jackson-Davis,GSW,24,68,39,29,16.6,113,3,17.2,25.7,0.4,17,1.1,55.1,5.9,5.2,4.6,17.5,0.051
Drew Eubanks,PHX,27,75,42,33,15.6,112.3,2.9,17.6,27.9,0.4,15.9,0.8,37,5.9,5.1,5.1,15.2,0.051
Davion Mitchell,SAC,25,72,41,31,15.3,112.1,1.1,7.1,10.2,0.2,10,0,3.7,5.4,3.7,3.6,14.9,0.051
Mamadi Diakite,NYK,27,6,5,1,4.1,82.7,0.5,11.1,14.3,0.2,33.3,0.2,33.3,1.2,1.2,1,2.7,0.05
Jericho Sims,NYK,25,45,30,15,13,109.7,2,15.3,23.5,0.2,10.5,0.4,41.3,4.3,3.7,3,12.4,0.05
Dalano Banton,POR,24,54,24,30,19.4,114.7,2.5,13,19.7,0.6,21.4,0.4,20.2,7.8,5.6,6.8,19.9,0.05
Saben Lee,PHX,25,24,15,9,7.7,101.5,0.9,10.3,16.5,0.3,29.2,0.1,9.1,3.4,2.2,2.3,7.3,0.05
Jaden Ivey,DET,22,77,14,63,28.8,117.7,2.3,8.1,11.4,0.7,20.6,0.5,19,11.8,8.2,8.5,33,0.05
Jared Butler,WAS,23,40,6,34,14.1,111.4,1.2,8.3,12.8,0.7,31.2,0.2,16,5.3,4,3.1,13.5,0.05
Trae Young,ATL,25,54,22,32,36,119.1,2.3,6.5,9.9,1.3,23.3,0.2,5.8,12.2,11.6,13.6,43.3,0.049
Vasilije Mici?,CHA,30,60,34,26,19.6,114.8,1.2,6.3,9.8,0.5,17.3,0.1,6.3,7.2,6.5,5.5,20.4,0.049
Pat Connaughton,MIL,31,76,45,31,22.1,115.9,2.5,11.2,16.4,0.5,16.2,0.3,12.3,6.6,6.2,6.2,23.6,0.049
Justin Minaya,POR,25,34,3,31,11.2,108.4,0.8,7.2,10.6,0.3,17.6,0.3,37,4.4,3.3,3.4,10.2,0.049
Taj Gibson,DET,39,20,8,12,10.2,107.1,1.3,12.5,16.8,0.2,10,0.4,43.8,2.4,1.9,2.9,8.5,0.049
Marvin Bagley III,WAS,25,50,7,43,21.1,115.5,3.6,17.5,25.3,0.4,13.6,0.7,36.3,7.6,5.9,6.3,24.9,0.049
Hamidou Diallo,WAS,25,2,1,1,2.4,50,0,0,0,1,100,0,0,0,0,0,1,0.049
Mo Bamba,PHI,26,57,30,27,13,110.5,2.8,21.8,33.3,0.4,17.1,1.1,58.3,3.7,3.3,4.7,12.1,0.049
Caleb Houstan,ORL,21,59,31,28,13.8,111.2,0.9,6.7,10.1,0.3,14.3,0.1,4.7,4.8,3.8,4.3,13.9,0.049
De'Andre Hunter,ATL,26,57,26,31,29.5,117.9,3.4,11.6,17.5,0.7,14.9,0.3,10,10.2,8.5,9.9,32.6,0.049
Jabari Walker,POR,21,72,18,54,23.6,116.5,5,22.2,34.9,0.6,16.2,0.3,14.1,9.4,7.1,8.6,26.6,0.048
KJ Martin,PHI,23,60,33,27,12.4,110.5,1.5,12,19.4,0.4,14.9,0.2,13.6,4.2,4.3,3.3,13.6,0.048
Dru Smith,MIA,26,9,7,2,14.5,112.5,0.9,5.8,9.9,1,34.6,0.3,23.1,4.9,5.4,4,13.3,0.048
Patrick Baldwin Jr.,WAS,21,38,6,32,13,111,2.8,20.1,29.9,0.5,19.8,0.4,26.8,4.8,3.4,4.3,13.3,0.048
Quenton Jackson,IND,25,3,3,0,3.5,79.2,1.3,30.8,44.4,0.3,50,0,0,1.3,0,1.7,3.3,0.048
Jordan Hawkins,NOP,22,67,38,29,17.3,114.3,1.8,10,15.5,0.3,10.1,0.1,7.3,5.9,5.1,5.4,17.2,0.047
David Duke Jr.,SAS,24,4,3,1,12.8,110.9,2,14,20.5,0.5,33.3,0,0,4,3.5,2.8,10.5,0.047
Blake Wesley,SAS,21,61,19,42,14.4,112.4,1.2,8.4,12.5,0.5,22,0.1,9.2,5,4.3,4.3,15.8,0.047
JT Thor,CHA,21,63,16,47,12.4,110.7,1.6,13.2,19.3,0.2,10.7,0.4,36.5,4.2,3.4,3.3,12.8,0.047
Zach Collins,SAS,26,69,19,50,22.1,116.3,3.7,16.2,23.5,0.5,17.6,0.8,36.4,9.1,6.2,6.8,25,0.047
Bol Bol,PHX,24,43,28,15,10.9,108.8,2.4,20.2,29.4,0.2,16.7,0.6,35.7,4.1,3,3.9,9.7,0.047
Jalen Wilson,BKN,23,43,14,29,15.5,113,2,12.8,19.5,0.3,13.6,0.1,6.1,5.2,4.2,5.1,15.3,0.046
Ousmane Dieng,OKC,21,33,21,12,11.1,109,1.2,10.5,16.2,0.2,15.4,0.2,11.6,4.2,3,3.4,11.2,0.046
Buddy Boeheim,DET,24,10,0,10,8.4,104,0.7,7.3,11.1,0,0,0.1,12.5,2.2,2.7,3.2,8.8,0.046
Leaky Black,CHA,25,26,2,24,10.9,109.2,1.5,13.2,19.5,0.3,22.2,0.4,28.2,3.7,3.3,3.2,11.7,0.046
Rayan Rupert,POR,20,39,7,32,16.2,114,1.7,11.5,17,0.3,12,0.1,7,6.4,4.4,5.4,16.3,0.045
P.J. Tucker,LAC,39,31,13,18,15.7,113.7,1.8,11.6,17.1,0.5,20,0.2,13.5,5.6,4.1,6.7,16.5,0.045
Isaiah Jackson,IND,22,60,37,23,12.8,111.7,2.4,18.7,30.5,0.6,23.6,1,55.5,4.7,4.5,3.6,15,0.045
Lester Quinones,GSW,23,37,24,13,10.7,109,1.4,12.6,17.3,0.2,12,0.1,4,3.7,2.3,3.6,11.6,0.045
T.J. McConnell,IND,32,71,40,31,18.2,115.2,2.2,12.5,19.4,1,32,0.1,5.7,6.1,5.7,5,22,0.045
Kevon Looney,GSW,28,74,43,31,16.1,114,3.7,22.2,32.1,0.4,18.7,0.4,30.9,6.1,4.1,5.3,16,0.044
Jamal Cain,MIA,25,26,14,12,10,108.8,0.8,8.7,13.2,0.4,25,0.2,33.3,4,2.7,2.8,10.3,0.044
Chuma Okeke,ORL,25,47,24,23,9.2,106.8,1.3,14.5,20.8,0.2,15,0.1,15.6,3.8,2,2.8,9.5,0.044
Gary Trent Jr.,TOR,25,71,24,47,28.1,118.2,2.3,8.3,12.8,1.1,24.3,0.1,5.3,9.6,9.4,8.3,32.7,0.044
Marcus Sasser,DET,23,71,11,60,19,115.7,1.6,8.5,12.8,0.6,23.5,0.2,10.3,7.9,5.6,6.1,21.4,0.044
Mason Jones,SAC,25,5,3,2,5.5,96.6,0.8,14.3,21.1,0.2,12.5,0,0,3,1,1.2,3.6,0.044
Thomas Bryant,MIA,26,38,22,16,11.6,110.7,2.7,23.3,33.2,0.3,15.4,0.4,41,4.1,3,3.2,12.6,0.044
Obi Toppin,IND,26,82,47,35,21.1,116.6,2.9,13.7,21.2,0.6,16.5,0.5,19.7,7.1,6.3,6.6,27,0.044
Dalen Terry,CHI,21,59,27,32,11.5,110.7,1.4,12.4,17.6,0.5,22.3,0.3,25.4,3.7,3,3.1,9.8,0.043
Bennedict Mathurin,IND,22,59,33,26,26.1,117.9,2.9,11.3,17.8,0.6,13.9,0.2,8.4,9.9,9,7.7,33.4,0.043
Saddiq Bey,ATL,25,63,28,35,32.7,119.1,3.9,11.9,17.9,0.8,17.3,0.2,5.7,11.1,9.7,10.9,38.1,0.043
Marcus Morris Sr.,CLE,34,49,26,23,16.7,114.6,2.3,13.9,21.3,0.3,12,0.3,16.9,5.3,4.7,5.8,17,0.043
R.J. Hampton,MIA,23,8,3,5,9.5,107.8,0.5,4.5,6.5,0,0,0,0,4.3,2.5,3.6,9.8,0.043
Aleksej Pokusevski,CHA,22,28,14,14,14.5,113.2,2.6,17.3,26.8,0.5,25.9,0.5,40.6,5,4.2,4,14.9,0.043
Trendon Watford,BKN,23,63,25,38,13.6,112.8,2.3,16.2,23.8,0.4,20,0.3,23.8,5.2,3.9,4.9,12.5,0.043
Brandon Miller,CHA,21,74,18,56,32.2,119.1,3.4,11.2,16.6,0.9,19.3,0.6,18.9,11.5,9.5,8.8,36.6,0.043
Jules Bernard,WAS,24,19,2,17,7.9,104.9,0.8,10.6,17,0.2,13.6,0.1,5.3,3.2,2.8,2.4,8.3,0.043
Killian Hayes,DET,22,42,7,35,24,117.6,2.6,10.7,15.8,0.9,28.8,0.5,18.9,9.8,7.2,6.8,28.3,0.043
Dejounte Murray,ATL,27,78,34,44,35.7,119.5,4.5,13,19.1,1.4,26.2,0.3,9.4,12.6,10.4,12.5,40.5,0.042
Davis Bertans,CHA,31,43,20,23,15.7,114.2,1.2,8.1,11.8,0.6,24.8,0.3,21.8,5.6,4,3.7,15.6,0.042
Xavier Moon,LAC,29,14,7,7,8.5,107.4,0.7,7.9,12.2,0.2,15,0.2,18.8,2.8,3.4,2.9,10.9,0.042
Bruno Fernando,ATL,25,45,20,25,15.2,113.9,3,20.1,31.1,0.6,23.6,0.6,49.1,5.9,4.1,4.6,15.4,0.042
Bilal Coulibaly,WAS,19,63,11,52,27.2,118.4,3.2,11.6,18.8,0.9,19.1,0.8,25.7,9.9,10,8.8,34.6,0.041
Malaki Branham,SAS,21,75,18,57,21.3,117,1.6,7.4,10.9,0.4,13,0.1,3.8,8.5,6.4,6.5,24.9,0.041
A.J. Lawson,DAL,23,42,27,15,7.4,105.3,0.9,10.5,15.9,0.2,21.3,0.1,9.4,2.5,2.3,2.9,8.2,0.041
Nick Richards,CHA,26,67,14,53,26.2,118.2,5.5,21.8,32.7,0.4,10.7,1.1,43,9.4,6.9,7.9,29.7,0.041
Dario Šari?,GSW,30,64,35,29,17.2,115.3,3.3,19.2,28,0.5,19.3,0.2,13,6.4,4.3,5,18.3,0.041
Mouhamadou Gueye,TOR,25,11,0,11,10.9,110.9,1,8,14.5,0.3,13,1.6,81.8,6.4,4.9,4.8,12.9,0.041
Vít Krej?í,ATL,24,22,9,13,24.6,117.7,1.9,8.4,11.8,0.6,15.3,0.3,13,9.4,5.9,7.7,26.8,0.04
AJ Green,MIL,24,56,35,21,11,110.5,1,8.9,13.3,0.2,9.1,0.1,8.2,3.4,3.2,1.9,9.8,0.04
Chris Boucher,TOR,31,50,16,34,14.1,113.6,2.9,20.2,30.9,0.3,12.5,0.5,34.3,4.3,4.8,4.1,14.1,0.04
TyTy Washington Jr.,MIL,22,11,5,6,5.1,96.7,0.4,8.5,9.8,0.3,18.8,0,0,3.1,0.4,0.8,3.3,0.04
Filip Petrusev,SAC,24,3,2,1,3.1,80,0.3,8.3,11.1,0,0,0,0,0.7,0.7,0,2.7,0.04
Sasha Vezenkov,SAC,28,42,22,20,12.2,112.6,1.6,12.9,20.1,0.5,31.7,0.2,14,4.7,3,3.6,12.3,0.04
Ben Sheppard,IND,22,57,32,25,14.3,114.2,1.3,9.2,14.2,0.6,21.9,0,2.1,4.2,4.5,4.4,17.1,0.04
Ochai Agbaji,TOR,24,78,31,47,21,117.2,1.8,8.3,12.7,0.6,20.9,0.6,22.2,8.6,7.3,6.8,23.5,0.04
Jeremiah Robinson-Earl,NOP,23,39,22,17,8.6,108.1,1.4,15.1,22.6,0.3,22.2,0.1,16,3.9,2.9,2.4,9.4,0.04
Collin Gillespie,DEN,25,24,15,9,9.4,109.2,0.8,8.5,12.4,0.5,34.2,0,0,2.8,2.5,1.9,9.8,0.039
Oscar Tshiebwe,IND,24,8,2,6,5.2,98.9,1,22.9,32,0.3,16.7,0.1,14.3,1.5,0.9,2.9,4.8,0.039
Gordon Hayward,OKC,34,51,25,26,24.4,118,2.8,11.6,17.1,0.8,20.5,0.3,9,9,7.7,7.5,26.8,0.039
Johnny Juzang,UTA,23,20,5,15,18.6,116.1,1.5,7.3,11.5,0.2,10,0.1,4.4,5.7,6.4,6.1,18.5,0.038
Miles Bridges,CHA,26,69,17,52,37.4,120.1,6.3,17.6,26.1,0.9,18.5,0.5,15.1,12.9,10.8,10.8,41.5,0.038
Keita Bates-Diop,BKN,28,53,29,24,12.5,113.1,1.5,11.8,18.1,0.5,27.5,0.4,22.4,4.7,3.1,3.9,12.5,0.038
Troy Brown Jr.,DET,24,59,30,29,14,114.2,2,14.3,20.6,0.4,19.8,0.1,3.8,5.9,3.9,4.1,16.2,0.038
Nate Hinton,HOU,25,15,8,7,5,100,1,16.9,21.7,0.2,30,0.1,16.7,1.2,0.8,1.5,4.5,0.038
Stanley Umude,DET,25,24,4,20,12.8,113.8,1.8,13,18.8,0.3,22.9,0.3,24.1,5.8,2.8,4.3,13.7,0.038
Ricky Council IV,PHI,22,32,15,17,9,109.8,1,11.5,16.8,0.3,15.7,0,2.9,2.6,2.4,2.8,9.7,0.038
Josh Green,DAL,23,57,32,25,26.4,118.8,2.5,9.6,14.4,0.8,21.6,0.2,6.5,9.2,8.3,8.7,28.9,0.037
Craig Porter Jr.,CLE,24,51,30,21,12.7,113.4,1.7,13.8,19.3,0.4,27.3,0.3,25.4,5.3,2.8,3.6,12,0.037
Keyontae Johnson,OKC,24,9,7,2,7.4,105.8,0.7,9.5,11.8,0.1,10,0,0,3.7,0.8,3.2,6.9,0.037
Keyonte George,UTA,20,75,27,48,27,118.9,2.6,9.5,13.9,0.5,14.8,0.1,2.9,11,8.1,11.3,29.9,0.037
Colby Jones,SAC,22,30,15,15,6.4,103.3,0.8,12,17.3,0.2,21.9,0.2,19.2,2.6,1.4,1.6,5.3,0.037
Jett Howard,ORL,20,18,9,9,3.7,91.9,0.3,8.2,10.9,0.1,25,0.1,33.3,1.6,0.9,1.3,3.9,0.037
RaiQuan Gray,SAS,24,3,2,1,13,113.6,1.7,11.1,16.7,0.3,25,0.3,50,2,3.7,3,10.7,0.037
Juan Toscano-Anderson,SAC,31,11,7,4,4.8,99.2,0.9,16.7,22.7,0.1,16.7,0.1,10,1.8,1.5,0.8,3.6,0.036
Jordan Poole,WAS,25,78,15,63,30.1,119.5,2.3,7.4,11.5,1.1,24.2,0.3,9.8,10.4,10.5,9.6,37.1,0.036
Jaden Hardy,DAL,21,73,44,29,13.6,114.5,1.5,11,17.1,0.3,15.8,0.1,4.4,5.1,4.5,4.6,14.9,0.036
Nick Smith Jr.,CHA,20,51,9,42,14.3,114.9,1.1,7.8,11.9,0.2,9.6,0.1,10,4.9,4.1,4.1,14.7,0.036
Dwight Powell,DAL,32,63,38,25,13.3,114.4,1.9,13.9,21.4,0.4,20.5,0.3,37.7,4.2,4.3,4.3,14,0.036
Kris Dunn,UTA,30,66,25,41,18.9,117.2,2.1,10.9,16.2,1,33.7,0.4,21.7,7.1,5.3,7.4,20,0.036
Chris Duarte,SAC,27,59,35,24,12.2,113.5,1.4,11.3,16.6,0.5,24.6,0.1,13.8,4.8,2.9,3,12.3,0.036
Jontay Porter,TOR,24,26,6,20,13.8,115,2.2,15.3,23.4,0.8,31.7,0.8,51.3,5.1,3.3,3.8,16.5,0.036
Duop Reath,POR,28,68,17,51,17.9,116.8,2.3,13.8,21.7,0.5,17.1,0.6,38.8,6.4,5.6,6.4,19.8,0.035
Yuta Watanabe,MEM,29,34,18,16,13.7,114.7,1.3,8.8,14.1,0.4,16.7,0.2,11.3,5.1,4.6,3.5,13.9,0.035
Cody Zeller,NOP,31,43,26,17,7.4,108,1.5,18.5,29.1,0.2,14.3,0.1,26.3,2.5,2.3,2.2,7.3,0.035
Jordan Clarkson,UTA,32,55,22,33,30.6,119.7,2.5,8.3,12.3,0.6,16.3,0.1,3.1,12.2,9.1,11.6,33,0.035
Furkan Korkmaz,PHI,26,35,22,13,8.6,110.2,0.7,8.7,14.2,0.4,21.2,0.1,10.7,2.7,2.7,2.6,9.5,0.035
Mason Plumlee,LAC,34,46,29,17,14.7,115.5,3.8,24.4,37.7,0.3,13.1,0.4,26.6,4.8,4.8,5.5,16.7,0.035
Kira Lewis Jr.,UTA,23,28,10,18,9.4,111.1,0.6,5.6,9.2,0.3,25.7,0.1,8.7,3.6,3,2.5,9.7,0.035
Jared Rhoden,DET,24,17,2,15,14.4,115,1.8,12.3,21.6,0.2,8.6,0.8,43.3,5.6,5.9,3.6,16,0.035
Kenneth Lofton Jr.,UTA,21,21,7,14,9.4,111.2,1.2,12.2,19.5,0.3,20.7,0.2,15.6,3.5,3.8,2.9,10.4,0.035
Onyeka Okongwu,ATL,23,55,23,32,25.5,119,4.2,16.9,25.2,0.5,11.6,1.1,50.4,8.7,7.5,8.3,28.8,0.035
Ibou Badji,POR,21,22,5,17,10.3,112.3,1.4,14,21.7,0.1,12,0.9,60.6,4.5,3.6,3.5,10.2,0.035
Orlando Robinson,MIA,23,36,20,16,8.4,109.6,1.6,18.9,27.6,0.2,17.9,0.2,44.4,3.3,2.6,2.1,7.6,0.035
Amir Coffey,LAC,27,70,46,24,20.9,118,1.7,8,12.5,0.6,18.6,0.2,9,7.7,6.1,7.4,23.7,0.034
Nate Williams,HOU,25,22,11,11,5.9,104.2,0.5,7.1,10.1,0.2,19,0,6.7,1.4,1.5,1.5,6.1,0.034
Kevin Knox II,DET,24,31,4,27,18.1,117.2,1.8,10.8,15.2,0.4,17.1,0.2,17.1,7,4.2,5.6,21,0.034
Terry Taylor,CHI,24,31,12,19,6.1,104.4,0.6,9.9,14.9,0.2,16.7,0.1,10.5,1.8,1.9,1.5,4.8,0.034
Garrison Mathews,ATL,27,66,29,37,15,115.8,1.1,7.9,12,0.3,13.3,0.1,11,5.6,4,5,15.5,0.034
MarJon Beauchamp,MIL,23,48,30,18,12.7,114.5,1.6,12.3,18.6,0.3,12.6,0.1,12.1,4.6,4.2,3.5,13.4,0.034
Kobi Simmons,TOR,26,4,0,4,16.9,116.5,1.5,9,16.7,1.5,40,0.5,22.2,8.8,7,9,17.5,0.034
Jaxson Hayes,LAL,24,70,41,29,12.5,114.4,2,14.9,22.7,0.5,27,0.4,41.4,4.8,4.2,4.7,13.7,0.034
Scoot Henderson,POR,20,62,18,44,28.5,119.6,2.3,8.3,13.2,0.8,17.6,0.2,8.8,11.6,8.6,10.4,32.2,0.034
Taylor Hendricks,UTA,20,40,13,27,21.4,118.2,3.5,15.9,23.2,0.7,23.9,0.8,33,9.4,6.5,8.8,23,0.034
Olivier Sarr,OKC,25,15,8,7,6.5,105.8,1.7,24.1,34.2,0,0,0.5,53.8,3.6,1.8,2.7,5.2,0.034
LaMelo Ball,CHA,22,22,7,15,32.3,120.2,3.8,12.2,17.9,1.8,33.3,0.2,6.8,10.5,8.6,10.8,36,0.034
Amari Bailey,CHA,20,10,1,9,6.5,106,0.3,4.1,6.4,0.3,27.3,0,0,2.8,2.6,1.6,5.6,0.033
Gui Santos,GSW,22,23,17,6,8.4,110.1,1.4,15.3,20.6,0.2,16,0.1,7.7,3,2.2,3,8.8,0.033
Nathan Mensah,CHA,26,25,3,22,12.3,114.5,1.4,12.7,19.4,0.2,14.3,0.6,50,4.3,3.6,4.2,11.8,0.033
Talen Horton-Tucker,UTA,23,51,14,37,19.8,117.9,2,9.4,14.6,0.9,29.8,0.4,14.6,8,6.2,6.4,20,0.033
Malachi Flynn,DET,26,69,28,41,12.7,114.6,1.3,10.6,17.2,0.6,25.5,0.1,8.8,5,4.4,3.5,14,0.033
Jaden Springer,BOS,21,49,32,17,10.3,112.9,0.9,9.3,14.4,0.7,34,0.3,27.3,2.8,2.9,2.9,11.3,0.033
Nassir Little,PHX,24,45,28,17,10.2,112.7,1.4,12,19.2,0.2,13.2,0.2,13.7,3.6,3.5,2.8,11,0.033
Marques Bolden,CHA,26,11,5,6,11,113.5,2.2,18.3,29.3,0.3,13.6,0.6,36.8,4.5,3.4,3.9,12.5,0.032
Luka Samanic,UTA,24,43,15,28,9.4,112,1.9,17.7,25.9,0.1,8.9,0.2,15.6,3.8,2.9,3.3,9.6,0.032
Mike Muscala,OKC,33,53,17,36,11.3,114,1.6,13.9,20.6,0.2,11.3,0.2,26,4.2,3.2,3.7,13.2,0.032
Bryce McGowens,CHA,21,59,11,48,14.9,116.3,1.4,9.8,15.3,0.4,18.6,0.2,11.4,5.2,4.5,3.7,15.7,0.032
Tristan Thompson,CLE,33,49,28,21,11.2,113.8,2.1,17.9,26,0.2,17.6,0.3,35.9,4.1,2.8,3.7,10.4,0.032
Garrett Temple,TOR,38,27,5,22,10.7,113.4,1,9.3,14.6,0.4,22.6,0.1,14.3,4.8,4.2,3.9,11.6,0.032
Anfernee Simons,POR,25,46,11,35,34.4,120.5,3.2,9.7,14.8,0.5,9.5,0.1,4.2,14,9.8,12.1,39.2,0.032
Corey Kispert,WAS,25,80,15,65,25.8,119.4,2.4,9.1,14.1,0.5,13.4,0.2,8.5,10,8.7,8,31,0.032
Anthony Gill,WAS,31,50,9,41,9.3,112.1,1.1,11.7,18.4,0.3,18.8,0.2,24.4,3.1,3,2.1,9.4,0.031
Admiral Schofield,ORL,27,23,15,8,3.7,95.6,0.6,14.9,24.6,0,11.1,0,0,2.1,1.3,1.5,4,0.031
Mouhamed Gueye,ATL,21,6,2,4,12.1,115.1,2,18.8,26.1,0.8,50,0.7,80,5.8,2,4.8,13.7,0.031
Richaun Holmes,WAS,30,40,13,27,13.9,115.8,2.8,19.8,29.7,0.3,13.6,0.5,42.2,5.2,3.9,4.6,15.3,0.031
Jerome Robinson,GSW,27,22,17,5,3.7,95.4,0.2,5.7,7.7,0,10,0.1,18.8,1,0.4,1.5,3.4,0.031
Skylar Mays,LAL,26,38,14,24,11.4,114.2,0.9,8.2,13.5,0.6,30,0.1,9.3,4.2,3.1,4.7,13.2,0.03
Micah Potter,UTA,26,16,3,13,11.6,114.4,2.1,16.8,26.8,0.3,16.7,0.4,28.6,3.8,4,3.8,9.6,0.03
Kelly Olynyk,TOR,33,78,31,47,22.5,119.1,3.9,16.9,26.4,0.9,26.4,0.4,17,9.9,7.8,7.8,25.2,0.03
Johnny Davis,WAS,22,50,8,42,12.3,115.2,1.1,8.8,13.5,0.4,18.2,0.2,17.2,3.9,3.8,3.6,14.3,0.03
Torrey Craig,CHI,33,53,22,31,19.8,118.4,2.8,14.8,21.6,0.6,16.9,0.4,22.6,5.7,5.5,5.4,19.3,0.03
Reggie Bullock Jr.,HOU,33,44,24,20,9.5,113,1.5,15.7,22.4,0.3,17.9,0.1,12.5,3.2,2.7,3,10.3,0.03
Ryan Arcidiacono,NYK,30,20,15,5,2.3,80,0.4,13.8,21.6,0.1,20,0,0,0.8,0.7,0.2,2.2,0.029
Izaiah Brockington,NOP,24,1,1,0,3.4,100,1,16.7,33.3,0,0,0,0,0,3,2,8,0.029
Adam Flagler,OKC,24,2,2,0,7,109.7,0,0,0,0,0,0,0,2,3,2,9,0.029
Onuralp Bitim,CHI,25,23,11,12,11.7,115.1,1.1,9.6,14.5,0.1,7.5,0.1,10.5,4.3,3.8,3.6,11,0.029
Joshua Primo,LAC,21,2,2,0,5.1,104.5,0,0,0,0,0,0.5,50,4,3.5,1,9,0.029
Wesley Matthews,ATL,37,36,11,25,11.5,114.9,1.2,10.6,16.7,0.4,24.6,0.3,24.4,3.2,3.6,4,11.5,0.029
JaVale McGee,SAC,36,46,28,18,7.4,110.4,1.8,23.5,35.6,0.3,28.6,0.4,45.5,3.4,2,2.2,7.3,0.029
Armoni Brooks,BKN,26,10,3,7,10.4,114,1.1,9.8,15.3,0.1,7.7,0.1,14.3,2.3,3.9,2.1,9,0.029
Jacob Gilyard,BKN,25,41,12,29,17,117.7,0.9,5.6,9.2,0.8,30,0.1,6.9,5.9,5.4,4.5,18.2,0.029
Kessler Edwards,SAC,23,54,32,22,5.1,104.6,0.6,12.6,18.4,0.2,20.4,0.1,16.7,1.9,1.1,1.2,4.6,0.029
Julian Phillips,CHI,20,40,20,20,8.1,111.7,0.6,7.7,11.3,0.2,12.3,0.2,16.7,2.1,2.3,2.4,8.2,0.029
Alec Burks,NYK,32,66,18,48,18.4,118.5,1.9,10.3,16.2,0.4,19.2,0.2,9.6,7.6,5.3,5.2,20.5,0.029
Gradey Dick,TOR,20,60,18,42,21.1,119.1,1.8,8.5,13.3,0.6,16.2,0,2.2,8.5,7,7.1,24.8,0.028
Trent Forrest,ATL,26,38,18,20,10.9,114.3,1.1,10.7,16.4,0.3,17.2,0.1,7.3,3.8,2.8,3.8,12.2,0.028
Justin Champagnie,WAS,23,15,3,12,15.7,117.5,2.3,14.1,22.1,0.7,32.3,0.6,31,5.7,5.7,4.9,16.3,0.028
Jordan Nwora,TOR,25,52,14,38,13.7,116.8,2.3,16.6,26.3,0.5,19.8,0.3,15.7,5.5,4.6,5.3,16,0.028
James Wiseman,DET,23,63,9,54,17.3,118.2,3.6,20.7,32.2,0.2,8.2,0.6,35.1,7.5,5.9,5.7,19.8,0.028
Greg Brown III,DAL,22,6,3,3,6.6,110.6,1,12.2,17.1,0,0,0.7,57.1,3.5,2.3,5.8,12.3,0.028
Tosan Evbuomwan,DET,23,17,1,16,21.6,119.2,2.5,12.2,17.5,0.4,10.7,0.3,18.5,8.8,6.1,6.6,24.9,0.027
Kyle Kuzma,WAS,28,70,13,57,32.6,120.8,5.7,17,27.1,0.5,10.6,0.7,19,11.1,11.7,10.5,41.7,0.027
Jarace Walker,IND,20,33,18,15,10.3,114.6,1.5,15.9,24.2,0.5,21.4,0.3,27.5,3.6,3,3.4,11.9,0.027
Jalen McDaniels,TOR,26,50,12,38,10.8,115,1.2,11,17.2,0.4,23.5,0.1,10.3,4.5,3.9,3.7,12.4,0.027
Olivier-Maxence Prosper,DAL,21,40,24,16,8.4,112.8,1.4,15.3,22,0.2,16.7,0.1,17.4,2.8,2.6,3.2,9.5,0.027
Julian Strawther,DEN,22,50,34,16,10.9,115.4,1.1,9.6,14.9,0.3,21.8,0.1,10,4.4,3.2,3.1,11.2,0.027
Eugene Omoruyi,WAS,27,43,5,38,9.1,114.2,1.2,13,21.7,0.6,30.3,0.1,12.2,4.4,2.8,3.3,10.1,0.026
Daishen Nix,MIN,22,15,11,4,3.3,99.1,0.1,4.3,6.7,0.3,33.3,0,0,0.6,1.1,1.3,3.6,0.026
Zeke Nnaji,DEN,23,58,41,17,9.9,114.8,1.1,10.3,17.3,0.3,16.5,0.7,36.5,3.6,3.7,1.9,10.1,0.026
Charlie Brown Jr.,NYK,27,8,2,6,4.7,105.1,0.1,2.7,3.8,0,0,0.3,40,1.8,0.5,0.8,3,0.026
Lindy Waters III,OKC,26,38,25,13,7.4,111.4,0.9,11.3,17.1,0.1,11.4,0.2,24.1,2.4,2.3,2.9,6.7,0.026
Andrew Funk,CHI,24,5,3,2,2.7,93.3,0,0,0,0.2,50,0.2,25,1,1.8,0,1.2,0.026
Jalen Smith,IND,24,61,36,25,17.2,118.6,3.7,21.9,34.2,0.3,9.7,0.6,36.5,5.8,5.8,5.3,20.9,0.025
Collin Sexton,UTA,25,78,29,49,26.6,120.4,1.7,6.4,9.6,0.8,20.7,0.2,8,10.7,7.4,10.2,28.5,0.025
Jalen Pickett,DEN,24,27,20,7,4.5,104.8,0.5,10,14.9,0.1,30.8,0,0,1.6,1.1,1.1,4.2,0.025
DeAndre Jordan,DEN,35,36,24,12,11,115.9,2.9,23.7,38,0.2,14.3,0.4,32,4.5,3.4,3.5,10.7,0.024
Henri Drell,CHI,24,4,2,2,7.5,113.4,0.8,11.1,14.3,0.5,33.3,0.3,20,3.3,2.3,1,7.5,0.024
Malik Williams,TOR,25,7,2,5,15.2,118.1,3.3,19.7,28,0.4,42.9,0.6,36.4,7.3,5.7,4.1,14.9,0.024
DaQuan Jeffries,NYK,26,17,11,6,2.7,95,0.3,9.6,13.2,0,0,0.1,25,0.9,0.8,0.1,1.8,0.024
Jordan Ford,SAC,26,6,2,4,3.6,100,0.3,10,14.3,0,0,0,0,0.3,1.2,0,3.3,0.024
Kendall Brown,IND,21,15,10,5,4.2,103.8,0.1,3.3,5.1,0,0,0,0,1.2,0.9,1.4,4.1,0.023
Cedi Osman,SAS,29,72,17,55,17.6,119.2,2.2,12.2,18.5,0.5,19.9,0.2,7.1,6.7,5.6,5.6,19.7,0.023
Luka Garza,MIN,25,25,17,8,4.9,108.5,0.5,10.5,13.6,0.2,18.2,0,16.7,1.8,1.2,1.6,5.3,0.023
Danilo Gallinari,MIL,35,49,15,34,12.8,117.5,1.8,14.6,21.8,0.3,16.7,0.1,15,4.1,4,2.9,14.7,0.023
Ish Smith,CHA,35,43,6,37,17.2,119.2,1.5,9.4,13.8,0.4,18.9,0.1,5.4,6.5,4.3,4.9,19.5,0.023
Dmytro Skapintsev,NYK,26,2,0,2,1.1,60,0,0,0,0,0,0,0,0,0,0,1,0.023
James Johnson,IND,37,9,4,5,5.2,108.8,0.3,7.5,14.3,0.6,31.3,0.1,50,1.7,1.8,2,4.4,0.023
Josh Minott,MIN,21,32,23,9,2.9,99.5,0.4,14.1,21.3,0.2,23.8,0.2,50,0.8,0.8,0.9,3.1,0.022
Charles Bassey,SAS,23,19,3,16,10.8,116.7,2.8,26.5,39.6,0.4,25,0.9,60.7,4.7,3.3,5.1,11.2,0.022
Leonard Miller,MIN,20,17,13,4,3.1,101.7,0.9,30,45.5,0.1,12.5,0.1,16.7,1.1,0.6,1,3.3,0.021
Dylan Windler,ATL,27,17,9,8,6.4,112.1,0.8,10.9,17.3,0.1,13.3,0,0,2.1,2.1,2.1,7.2,0.021
Hunter Tyson,DEN,24,18,14,4,2.7,98.1,0.4,14.8,22.2,0.1,14.3,0,0,0.9,0.4,0.7,2.7,0.021
Cory Joseph,GSW,32,26,10,16,11.4,117.2,0.9,8.3,11.7,0.2,10,0.1,10,3.9,2.8,3.2,11.7,0.021
Damian Jones,CLE,29,39,24,15,6.9,112.6,1.1,16.7,23.7,0.2,25,0.3,59.1,3.2,1.8,2.4,5.7,0.021
Omer Yurtseven,UTA,26,48,17,31,11.4,117.2,2.8,25.5,37.1,0.2,12.5,0.4,36,4.6,3,4.3,12.8,0.021
Dominick Barlow,SAS,21,33,7,26,12.7,117.8,2.1,16.7,25.2,0.4,18.2,0.4,31.8,3.3,4.5,3.4,15.3,0.021
Markieff Morris,DAL,34,26,15,11,8.3,115.1,1.3,15.2,22.7,0.2,17.2,0.1,23.1,3.2,3.1,3.5,9.9,0.021
Landry Shamet,WAS,27,46,6,40,15.8,119.2,1,6.5,9.7,0.5,22.9,0.2,17.2,5.2,4.7,4.6,19.4,0.02
Jay Huff,DEN,26,20,16,4,2.5,98.2,0.5,16.7,27.3,0.1,20,0.2,60,1.1,0.6,0.5,3,0.02
Brandon Williams,DAL,24,17,10,7,6.6,113.6,0.5,7.6,10.6,0.1,7.1,0.1,11.1,2.5,2.1,2.2,8.5,0.02
Isaiah Mobley,CLE,24,10,2,8,7.2,113.8,0.7,11.5,15.6,0.2,25,0,0,2.7,1.6,1.6,5,0.02
Kobe Brown,LAC,24,44,27,17,9,116.2,1,10.5,17.4,0.3,20,0.1,14,3.5,3.2,3.1,10.5,0.02
Malcolm Cazalon,DET,22,1,0,1,2.6,100,0,0,0,0,0,0,0,0,2,0,6,0.019
Cole Swider,MIA,25,18,8,10,4.8,110,0.3,7.5,10.5,0.1,11.1,0.1,20,1.8,1.6,1.1,4.6,0.019
Thaddeus Young,PHX,36,33,12,21,13.3,118.7,1.7,13.2,21,0.7,31.9,0.2,13.2,3.8,4.3,3.6,15.3,0.019
Bruce Brown,TOR,27,67,26,41,27.8,121.4,3.4,12.6,19.3,0.9,20,0.3,8.1,10.7,9.6,8.3,34.9,0.019
Braxton Key,DEN,27,20,14,6,3,103.8,0.8,24.2,36.6,0.1,22.2,0.1,14.3,1,0.7,0.7,2.9,0.019
Pete Nance,CLE,24,8,3,5,3.4,103.8,0.4,13.6,16.7,0.1,100,0,0,1.6,0.6,1,2.8,0.018
Bojan Bogdanovi?,NYK,35,57,20,37,25.9,121.3,2.3,9.2,13.6,0.5,17.4,0.1,4.2,10.4,7.4,6.9,29.9,0.018
Drew Peterson,BOS,24,3,3,0,7.6,116,0.3,4.2,6.7,0.7,40,0,0,0.7,3.3,2,10.7,0.018
Brandon Boston Jr.,LAC,22,32,17,15,10.8,118,1,9.3,14.9,0.3,20.8,0.3,19,4.2,4,3.9,13.6,0.018
Jalen Hood-Schifino,LAL,21,21,10,11,5.2,111.9,0.5,9.6,13.6,0.1,27.3,0.1,18.2,2,1.6,2.1,4.7,0.018
Wendell Moore Jr.,MIN,22,25,18,7,3,106.2,0.5,16,23.1,0.2,26.3,0,14.3,1.2,0.8,1.1,3.4,0.017
Justin Jackson,MIN,29,2,2,0,0.4,0,0,0,0,0,0,0,0,0,0,0,0,0.017
Jalen Crutcher,NOP,24,1,1,0,2.7,100,0,0,0,0,0,0,0,2,0,0,4,0.016
Maxwell Lewis,LAL,21,34,18,16,3,105.8,0.1,1.9,3,0.1,14.3,0,11.1,1.5,1.2,1.2,3.4,0.016
Javon Freeman-Liberty,TOR,24,22,3,19,18.3,120.7,2.5,14.1,23.2,0.5,13.3,0.2,11.1,9.6,7.2,6.7,20.7,0.016
John Collins,UTA,26,68,27,41,28,121.7,6.1,22.2,32.5,0.6,16.1,0.9,30.3,10.6,7.8,11.3,31,0.016
Seth Lundy,ATL,24,9,2,7,5.8,114.4,0.7,11.8,18.8,0,0,0,0,3.6,1.9,1.8,8,0.015
Pat Spencer,GSW,27,6,4,2,4.3,111.1,0.3,7.7,15.4,0,0,0,0,1.3,1.7,1.7,4.7,0.015
Thanasis Antetokounmpo,MIL,31,34,21,13,4.6,112.2,0.2,4,5.9,0.2,22.6,0.1,28.6,2.4,1.5,1.5,3.5,0.015
James Bouknight,CHA,23,14,0,14,5.8,115.2,0.6,11.8,18.6,0.1,10,0.1,16.7,2.1,1.9,1.3,5.7,0.014
Joe Harris,DET,32,16,4,12,10.6,119.4,0.6,5.7,9.6,0.2,13.6,0.1,8.7,4.7,4.1,2.6,12.3,0.013
D.J. Wilson,PHI,28,2,1,1,7.7,117.2,0.5,7.1,11.1,0,0,1,100,1,2,1,10,0.013
Jermaine Samuels Jr.,HOU,25,14,8,6,4.3,114,0.7,16.7,22.7,0.1,12.5,0.1,28.6,1.1,1.1,1.2,4.7,0.013
Boban Marjanovi?,HOU,35,14,9,5,5.1,115.3,1.8,30.9,43.9,0.1,9.1,0.1,28.6,2.1,1.1,2.1,4.4,0.013
Moses Brown,POR,24,22,4,18,9.1,118.9,2.2,25.4,36.6,0.2,19.2,0.3,41.2,4.2,1.5,3,9,0.013
E.J. Liddell,NOP,23,8,3,5,2.9,109.8,0.6,21.7,35.7,0.3,33.3,0.3,66.7,1.4,1.4,0.8,3.3,0.012
Andre Jackson Jr.,MIL,22,57,33,24,10,119.6,1.2,12.7,18.8,0.3,20.8,0.1,10.9,3.4,3.1,2.8,11.2,0.012
Doug McDermott,IND,32,64,22,42,14.1,120.9,0.8,5.4,8.2,0.3,12.9,0,1.9,4.7,4.7,4.2,15.6,0.011
Alondes Williams,MIA,25,7,5,2,2.2,110.5,0.1,6.7,10,0,0,0.1,100,2,0.7,2.1,2.6,0.01
Tyus Jones,WAS,28,66,11,55,29.3,122.5,2.4,8.1,12.9,1.1,23.4,0.3,7.9,10.1,10.8,10.1,38.6,0.01
AJ Griffin,ATL,20,20,8,12,8.5,120.1,0.8,10.8,15.1,0.1,3.6,0.1,13.3,3.3,1.9,2.6,10.1,0.009
Terquavion Smith,PHI,21,16,8,8,5.3,118.4,0.3,4.9,7.8,0.5,34.8,0,0,2.5,2.1,1.9,6.1,0.009
Robin Lopez,MIL,36,16,10,6,4,115.9,0.1,3,5,0.1,10,0.2,75,1.6,1.9,1.3,3.6,0.009
Chris Livingston,MIL,20,21,13,8,4.3,116.8,0.9,22.2,29.5,0.1,14.3,0,0,2.5,1.2,1.2,3.8,0.009
Danny Green,PHI,37,2,1,1,9.2,120.5,1,11.1,15.4,0.5,50,0,0,4,2.5,2.5,9,0.009
Theo Maledon,PHX,23,17,5,12,12.5,121.6,1.2,9.3,14.1,0.4,23.3,0,0,6.4,3,4.2,12,0.008
Jalen Slawson,SAC,24,12,8,4,3.1,114.9,0.5,16.2,28.6,0.1,33.3,0.1,25,2.1,1.1,0.8,3.5,0.007
Frank Ntilikina,CHA,25,5,0,5,8.6,121.1,1,11.1,15.6,0,0,0,0,2.6,2.6,1.6,10.4,0.007
Colin Castleton,LAL,24,16,9,7,3.7,117.6,0.4,11.8,20,0.1,18.2,0,0,1.3,1.4,1,4.3,0.006
Jacob Toppin,NYK,24,9,2,7,4.2,118.4,0.4,14.8,20,0,0,0.1,50,2.3,0.6,1.6,3.3,0.006
Taze Moore,POR,26,4,1,3,10.1,122.2,1,10.8,18.2,0.5,18.2,0,0,3.8,4.3,4.3,10.5,0.005
Jordan Miller,LAC,24,8,5,3,3.5,119.7,0.3,5.7,11.8,0,0,0,0,2,2.1,1.8,5.3,0.004
Moussa Diabate,LAC,22,11,7,4,5.8,121.1,0.8,12.9,25,0.5,50,0.1,25,3.4,2.3,1.3,5.5,0.004
D.J. Carton,TOR,23,4,2,2,8.9,122.8,0.5,4.3,9.5,0.3,20,0,0,3.5,7.5,0.5,10.5,0.002
Usman Garuba,GSW,22,6,5,1,3,121.1,0.7,21.1,36.4,0.2,50,0.5,75,1.8,1,2,3,0.002
Isaiah Wong,IND,23,1,1,0,4.3,122.2,0,0,0,0,0,0,0,2,0,0,6,0.002
Shaquille Harrison,MEM,30,3,1,2,2,121.4,0.7,40,50,0,0,0.3,100,0,0.3,1,2.7,0.001
Brice Sensabaugh,UTA,20,32,8,24,18.3,123.5,2.7,15.1,22.5,0.4,18.1,0.2,10.5,8.1,5.3,7.7,20,0.001
Harry Giles III,LAL,26,23,11,12,4.3,123.3,0.8,17.8,30.5,0.1,16.7,0.1,37.5,1.4,1.6,1.7,4.6,0.001
Emoni Bates,CLE,20,15,8,7,8.9,124,0.9,11,18.1,0.1,5.9,0.1,22.2,4.3,2.7,3.4,7.6,-0.001
Lindell Wigginton,MIL,26,3,3,0,2.5,131.3,0,0,0,0,0,0,0,2.7,1.7,3.3,4,-0.005
Udoka Azubuike,PHX,24,16,12,4,7.1,126.5,1.3,16.9,27.3,0.1,8.3,0.4,30,3.9,2.9,1.9,6.8,-0.006
Darius Bazley,UTA,24,9,2,7,16.9,125.2,2.2,13.2,23.3,0.7,28.6,0.8,46.7,4.8,6.3,6.1,21.3,-0.007
Javonte Smart,PHI,25,1,1,0,0.7,150,0,0,0,0,0,0,0,0,3,0,0,-0.007
Isaiah Thomas,PHX,35,6,4,2,3.2,133.3,0,0,0,0,0,0,0,0.8,2.3,0.7,4.3,-0.009
Kevon Harris,ORL,27,2,1,1,3,133.3,1,28.6,40,0,0,0,0,1,2,1,4,-0.01
Isaiah Livers,DET,25,23,1,22,20.4,125.4,1.4,7.3,11.5,0.6,19.1,0.2,13.5,8.1,6.8,5.8,24.5,-0.01
Alex Fudge,DAL,21,6,1,5,6.7,129.1,0.2,2.9,4.5,0.5,42.9,0,0,4.7,2.2,2.2,7,-0.01
D'Moi Hodge,LAL,25,7,1,6,5.9,130.6,0,0,0,0.1,14.3,0.1,25,4,3.1,0.9,7.1,-0.011
Keon Johnson,BKN,22,5,0,5,12.3,134.4,0.8,7.8,14.3,0.6,30,0.2,50,2.2,5,4.8,14.8,-0.038
Ty Jerome,CLE,26,2,1,1,7.4,143.8,0,0,0,0,0,0,0,3.5,2,5.5,12,-0.045
Ron Harper Jr.,TOR,24,1,1,0,3.7,188.9,0,0,0,0,0,0,0,5,5,1,10,-0.08
Dariq Whitehead,BKN,19,2,1,1,12,153.7,2,19,28.6,0,0,0.5,50,1.5,7,3.5,14,-0.113
